{
  "n_total": 788254,
  "n_train": 748841,
  "n_val": 39413,
  "vocab_size": 156,
  "rho_mean_train": 0.1140012822394676,
  "rho_mean_val": 0.11429209612603224
}