{"epoch": [1, 2, 3, 4, 5, 6, 7, 8, 9, 10, 11, 12, 13, 14, 15, 16, 17, 18, 19, 20], "train_loss": [0.012325601148884743, 0.011586688767652958, 0.010944400370121002, 0.010609690643381327, 0.01024826283659786, 0.009792991009540855, 0.009434234414249659, 0.009142041059210897, 0.008862100812140852, 0.00845884523447603, 0.008225037201307715, 0.007874277300667018, 0.0076460930705070495, 0.007325130435172468, 0.007073743253480643, 0.00688788312766701, 0.006643742480315268, 0.006544825181597844, 0.00642963601090014, 0.006379400952253491], "val_loss@t": [0.011776922941933592, 0.011312966948592818, 0.011029954515881353, 0.01053676536826828, 0.010287754576314579, 0.01012071518094412, 0.01021820512092249, 0.00973091424479113, 0.009539726417052087, 0.009509274113149224, 0.009446866834512005, 0.009202501540035978, 0.009153286309598328, 0.009042565973911, 0.009024843900137908, 0.008960817263207653, 0.009004617708602123, 0.009006177964196964, 0.00906457014188364, 0.009073303988227597], "val_p@t": [0.9248248402448793, 0.9238313017338974, 0.9286636952838461, 0.9272038997687894, 0.9331164099026225, 0.9315562124172229, 0.9357139836626301, 0.9356376149356891, 0.9358961711529393, 0.9356127862895933, 0.9360375313277909, 0.936441908016008, 0.938727009338229, 0.9387349029548304, 0.9394167442939422, 0.9389323742589162, 0.9393526086590558, 0.9392500419851803, 0.9391928535383741, 0.9391295435113464], "val_r@t": [0.7847859903609276, 0.7928447898597342, 0.7977006546539442, 0.7875010118730464, 0.8192517977290767, 0.8115526520519796, 0.8234649670787494, 0.8262924314385761, 0.8278435966641635, 0.8245690656487856, 0.8224799949357837, 0.8381790208173634, 0.8422538303719639, 0.8426254628300908, 0.8447038702043396, 0.8449391391542459, 0.8481742634122559, 0.8446385474149156, 0.8484349339910955, 0.8485818116428575], "val_f1@t": [0.8490699347111389, 0.8533407529536935, 0.8582147073507045, 0.851661419201759, 0.8724847814220263, 0.867423636162745, 0.8760083042457345, 0.8775720481996688, 0.8785600535507252, 0.8765882458682174, 0.8755922332624998, 0.8845899975147877, 0.8878775129522429, 0.8880874945576045, 0.8895463156374147, 0.8894594773952594, 0.8914380190665919, 0.8894353558128303, 0.8915100025358078, 0.8915625524249655], "best_t": [0.45, 0.45, 0.45, 0.45, 0.45, 0.45, 0.45, 0.45, 0.45, 0.45, 0.45, 0.45, 0.45, 0.45, 0.45, 0.45, 0.45, 0.45, 0.45, 0.45], "val_f1@best_t": [0.9219009835812138, 0.9244596534167698, 0.9259515202022215, 0.9272825296436027, 0.9280658610697695, 0.9288360340994072, 0.9297317378501402, 0.9303720112110162, 0.9306834901010407, 0.931333246583571, 0.9322342743056133, 0.9322024846340055, 0.9323413444771373, 0.9323645149089888, 0.9327846922120918, 0.9330618743087088, 0.9329755573511881, 0.9332720040325219, 0.9333579066770943, 0.9334089124707304]}